-- To regenerate this sql, execute LanguagesToSql.java

INSERT INTO TBL_INTERNATIONAL_STRINGS (ID) values (1);
INSERT INTO TBL_LOCALISED_STRINGS (ID, LABEL, LOCALE, INTERNATIONAL_STRING_FK) values (1, "Afrikaans", "en", 1);
INSERT INTO TBL_LANGUAGES (ID, CODE, VALUE_FK) values (1, "af", 1);

INSERT INTO TBL_INTERNATIONAL_STRINGS (ID) values (2);
INSERT INTO TBL_LOCALISED_STRINGS (ID, LABEL, LOCALE, INTERNATIONAL_STRING_FK) values (2, "Arabic (Saudi Arabia) ", "en", 2);
INSERT INTO TBL_LANGUAGES (ID, CODE, VALUE_FK) values (2, "ar-sa", 2);

INSERT INTO TBL_INTERNATIONAL_STRINGS (ID) values (3);
INSERT INTO TBL_LOCALISED_STRINGS (ID, LABEL, LOCALE, INTERNATIONAL_STRING_FK) values (3, "Arabic (Egypt) ", "en", 3);
INSERT INTO TBL_LANGUAGES (ID, CODE, VALUE_FK) values (3, "ar-eg", 3);

INSERT INTO TBL_INTERNATIONAL_STRINGS (ID) values (4);
INSERT INTO TBL_LOCALISED_STRINGS (ID, LABEL, LOCALE, INTERNATIONAL_STRING_FK) values (4, "Arabic (Algeria) ", "en", 4);
INSERT INTO TBL_LANGUAGES (ID, CODE, VALUE_FK) values (4, "ar-dz", 4);

INSERT INTO TBL_INTERNATIONAL_STRINGS (ID) values (5);
INSERT INTO TBL_LOCALISED_STRINGS (ID, LABEL, LOCALE, INTERNATIONAL_STRING_FK) values (5, "Arabic (Tunisia) ", "en", 5);
INSERT INTO TBL_LANGUAGES (ID, CODE, VALUE_FK) values (5, "ar-tn", 5);

INSERT INTO TBL_INTERNATIONAL_STRINGS (ID) values (6);
INSERT INTO TBL_LOCALISED_STRINGS (ID, LABEL, LOCALE, INTERNATIONAL_STRING_FK) values (6, "Arabic (Yemen) ", "en", 6);
INSERT INTO TBL_LANGUAGES (ID, CODE, VALUE_FK) values (6, "ar-ye", 6);

INSERT INTO TBL_INTERNATIONAL_STRINGS (ID) values (7);
INSERT INTO TBL_LOCALISED_STRINGS (ID, LABEL, LOCALE, INTERNATIONAL_STRING_FK) values (7, "Arabic (Jordan) ", "en", 7);
INSERT INTO TBL_LANGUAGES (ID, CODE, VALUE_FK) values (7, "ar-jo", 7);

INSERT INTO TBL_INTERNATIONAL_STRINGS (ID) values (8);
INSERT INTO TBL_LOCALISED_STRINGS (ID, LABEL, LOCALE, INTERNATIONAL_STRING_FK) values (8, "Arabic (Kuwait) ", "en", 8);
INSERT INTO TBL_LANGUAGES (ID, CODE, VALUE_FK) values (8, "ar-kw", 8);

INSERT INTO TBL_INTERNATIONAL_STRINGS (ID) values (9);
INSERT INTO TBL_LOCALISED_STRINGS (ID, LABEL, LOCALE, INTERNATIONAL_STRING_FK) values (9, "Arabic (Bahrain)", "en", 9);
INSERT INTO TBL_LANGUAGES (ID, CODE, VALUE_FK) values (9, "ar-bh", 9);

INSERT INTO TBL_INTERNATIONAL_STRINGS (ID) values (10);
INSERT INTO TBL_LOCALISED_STRINGS (ID, LABEL, LOCALE, INTERNATIONAL_STRING_FK) values (10, "Arabic (Iraq)", "en", 10);
INSERT INTO TBL_LANGUAGES (ID, CODE, VALUE_FK) values (10, "ar-iq", 10);

INSERT INTO TBL_INTERNATIONAL_STRINGS (ID) values (11);
INSERT INTO TBL_LOCALISED_STRINGS (ID, LABEL, LOCALE, INTERNATIONAL_STRING_FK) values (11, "Arabic (Libya)", "en", 11);
INSERT INTO TBL_LANGUAGES (ID, CODE, VALUE_FK) values (11, "ar-ly", 11);

INSERT INTO TBL_INTERNATIONAL_STRINGS (ID) values (12);
INSERT INTO TBL_LOCALISED_STRINGS (ID, LABEL, LOCALE, INTERNATIONAL_STRING_FK) values (12, "Arabic (Morocco)", "en", 12);
INSERT INTO TBL_LANGUAGES (ID, CODE, VALUE_FK) values (12, "ar-ma", 12);

INSERT INTO TBL_INTERNATIONAL_STRINGS (ID) values (13);
INSERT INTO TBL_LOCALISED_STRINGS (ID, LABEL, LOCALE, INTERNATIONAL_STRING_FK) values (13, "Arabic (Oman)", "en", 13);
INSERT INTO TBL_LANGUAGES (ID, CODE, VALUE_FK) values (13, "ar-om", 13);

INSERT INTO TBL_INTERNATIONAL_STRINGS (ID) values (14);
INSERT INTO TBL_LOCALISED_STRINGS (ID, LABEL, LOCALE, INTERNATIONAL_STRING_FK) values (14, "Arabic (Syria)", "en", 14);
INSERT INTO TBL_LANGUAGES (ID, CODE, VALUE_FK) values (14, "ar-sy", 14);

INSERT INTO TBL_INTERNATIONAL_STRINGS (ID) values (15);
INSERT INTO TBL_LOCALISED_STRINGS (ID, LABEL, LOCALE, INTERNATIONAL_STRING_FK) values (15, "Arabic (Lebanon)", "en", 15);
INSERT INTO TBL_LANGUAGES (ID, CODE, VALUE_FK) values (15, "ar-lb", 15);

INSERT INTO TBL_INTERNATIONAL_STRINGS (ID) values (16);
INSERT INTO TBL_LOCALISED_STRINGS (ID, LABEL, LOCALE, INTERNATIONAL_STRING_FK) values (16, "Arabic (U.A.E.)", "en", 16);
INSERT INTO TBL_LANGUAGES (ID, CODE, VALUE_FK) values (16, "ar-ae", 16);

INSERT INTO TBL_INTERNATIONAL_STRINGS (ID) values (17);
INSERT INTO TBL_LOCALISED_STRINGS (ID, LABEL, LOCALE, INTERNATIONAL_STRING_FK) values (17, "Arabic (Qatar)", "en", 17);
INSERT INTO TBL_LANGUAGES (ID, CODE, VALUE_FK) values (17, "ar-qa", 17);

INSERT INTO TBL_INTERNATIONAL_STRINGS (ID) values (18);
INSERT INTO TBL_LOCALISED_STRINGS (ID, LABEL, LOCALE, INTERNATIONAL_STRING_FK) values (18, "Belarusian", "en", 18);
INSERT INTO TBL_LANGUAGES (ID, CODE, VALUE_FK) values (18, "be", 18);

INSERT INTO TBL_INTERNATIONAL_STRINGS (ID) values (19);
INSERT INTO TBL_LOCALISED_STRINGS (ID, LABEL, LOCALE, INTERNATIONAL_STRING_FK) values (19, "Bulgarian", "en", 19);
INSERT INTO TBL_LANGUAGES (ID, CODE, VALUE_FK) values (19, "bg", 19);

INSERT INTO TBL_INTERNATIONAL_STRINGS (ID) values (20);
INSERT INTO TBL_LOCALISED_STRINGS (ID, LABEL, LOCALE, INTERNATIONAL_STRING_FK) values (20, "Catalán", "es", 20);
INSERT INTO TBL_LANGUAGES (ID, CODE, VALUE_FK) values (20, "ca", 20);

INSERT INTO TBL_INTERNATIONAL_STRINGS (ID) values (21);
INSERT INTO TBL_LOCALISED_STRINGS (ID, LABEL, LOCALE, INTERNATIONAL_STRING_FK) values (21, "Czech", "en", 21);
INSERT INTO TBL_LANGUAGES (ID, CODE, VALUE_FK) values (21, "cs", 21);

INSERT INTO TBL_INTERNATIONAL_STRINGS (ID) values (22);
INSERT INTO TBL_LOCALISED_STRINGS (ID, LABEL, LOCALE, INTERNATIONAL_STRING_FK) values (22, "Danish ", "en", 22);
INSERT INTO TBL_LANGUAGES (ID, CODE, VALUE_FK) values (22, "da", 22);

INSERT INTO TBL_INTERNATIONAL_STRINGS (ID) values (23);
INSERT INTO TBL_LOCALISED_STRINGS (ID, LABEL, LOCALE, INTERNATIONAL_STRING_FK) values (23, "German (Standard) ", "en", 23);
INSERT INTO TBL_LANGUAGES (ID, CODE, VALUE_FK) values (23, "de", 23);

INSERT INTO TBL_INTERNATIONAL_STRINGS (ID) values (24);
INSERT INTO TBL_LOCALISED_STRINGS (ID, LABEL, LOCALE, INTERNATIONAL_STRING_FK) values (24, "German (Austria) ", "en", 24);
INSERT INTO TBL_LANGUAGES (ID, CODE, VALUE_FK) values (24, "de-at", 24);

INSERT INTO TBL_INTERNATIONAL_STRINGS (ID) values (25);
INSERT INTO TBL_LOCALISED_STRINGS (ID, LABEL, LOCALE, INTERNATIONAL_STRING_FK) values (25, "German (Switzerland)", "en", 25);
INSERT INTO TBL_LANGUAGES (ID, CODE, VALUE_FK) values (25, "de-ch", 25);

INSERT INTO TBL_INTERNATIONAL_STRINGS (ID) values (26);
INSERT INTO TBL_LOCALISED_STRINGS (ID, LABEL, LOCALE, INTERNATIONAL_STRING_FK) values (26, "German (Liechtenstein)", "en", 26);
INSERT INTO TBL_LANGUAGES (ID, CODE, VALUE_FK) values (26, "de-li", 26);

INSERT INTO TBL_INTERNATIONAL_STRINGS (ID) values (27);
INSERT INTO TBL_LOCALISED_STRINGS (ID, LABEL, LOCALE, INTERNATIONAL_STRING_FK) values (27, "German (Luxembourg)", "en", 27);
INSERT INTO TBL_LANGUAGES (ID, CODE, VALUE_FK) values (27, "de-lu", 27);

INSERT INTO TBL_INTERNATIONAL_STRINGS (ID) values (28);
INSERT INTO TBL_LOCALISED_STRINGS (ID, LABEL, LOCALE, INTERNATIONAL_STRING_FK) values (28, "Greek", "en", 28);
INSERT INTO TBL_LANGUAGES (ID, CODE, VALUE_FK) values (28, "el", 28);

INSERT INTO TBL_INTERNATIONAL_STRINGS (ID) values (29);
INSERT INTO TBL_LOCALISED_STRINGS (ID, LABEL, LOCALE, INTERNATIONAL_STRING_FK) values (29, "English", "en", 29);
INSERT INTO TBL_LOCALISED_STRINGS (ID, LABEL, LOCALE, INTERNATIONAL_STRING_FK) values (30, "Inglés", "es", 29);
INSERT INTO TBL_LANGUAGES (ID, CODE, VALUE_FK) values (29, "en", 29);

INSERT INTO TBL_INTERNATIONAL_STRINGS (ID) values (30);
INSERT INTO TBL_LOCALISED_STRINGS (ID, LABEL, LOCALE, INTERNATIONAL_STRING_FK) values (31, "English (United Kingdom)", "en", 30);
INSERT INTO TBL_LANGUAGES (ID, CODE, VALUE_FK) values (30, "en-gb", 30);

INSERT INTO TBL_INTERNATIONAL_STRINGS (ID) values (31);
INSERT INTO TBL_LOCALISED_STRINGS (ID, LABEL, LOCALE, INTERNATIONAL_STRING_FK) values (32, "English (Canada)", "en", 31);
INSERT INTO TBL_LANGUAGES (ID, CODE, VALUE_FK) values (31, "en-ca", 31);

INSERT INTO TBL_INTERNATIONAL_STRINGS (ID) values (32);
INSERT INTO TBL_LOCALISED_STRINGS (ID, LABEL, LOCALE, INTERNATIONAL_STRING_FK) values (33, "English (Ireland)", "en", 32);
INSERT INTO TBL_LANGUAGES (ID, CODE, VALUE_FK) values (32, "en-ie", 32);

INSERT INTO TBL_INTERNATIONAL_STRINGS (ID) values (33);
INSERT INTO TBL_LOCALISED_STRINGS (ID, LABEL, LOCALE, INTERNATIONAL_STRING_FK) values (34, "English (Jamaica)", "en", 33);
INSERT INTO TBL_LANGUAGES (ID, CODE, VALUE_FK) values (33, "en-jm", 33);

INSERT INTO TBL_INTERNATIONAL_STRINGS (ID) values (34);
INSERT INTO TBL_LOCALISED_STRINGS (ID, LABEL, LOCALE, INTERNATIONAL_STRING_FK) values (35, "English (Belize)", "en", 34);
INSERT INTO TBL_LANGUAGES (ID, CODE, VALUE_FK) values (34, "en-bz", 34);

INSERT INTO TBL_INTERNATIONAL_STRINGS (ID) values (35);
INSERT INTO TBL_LOCALISED_STRINGS (ID, LABEL, LOCALE, INTERNATIONAL_STRING_FK) values (36, "English (United States) ", "en", 35);
INSERT INTO TBL_LANGUAGES (ID, CODE, VALUE_FK) values (35, "en-us", 35);

INSERT INTO TBL_INTERNATIONAL_STRINGS (ID) values (36);
INSERT INTO TBL_LOCALISED_STRINGS (ID, LABEL, LOCALE, INTERNATIONAL_STRING_FK) values (37, "English (Australia) ", "en", 36);
INSERT INTO TBL_LANGUAGES (ID, CODE, VALUE_FK) values (36, "en-au", 36);

INSERT INTO TBL_INTERNATIONAL_STRINGS (ID) values (37);
INSERT INTO TBL_LOCALISED_STRINGS (ID, LABEL, LOCALE, INTERNATIONAL_STRING_FK) values (38, "English (New Zealand) ", "en", 37);
INSERT INTO TBL_LANGUAGES (ID, CODE, VALUE_FK) values (37, "en-nz", 37);

INSERT INTO TBL_INTERNATIONAL_STRINGS (ID) values (38);
INSERT INTO TBL_LOCALISED_STRINGS (ID, LABEL, LOCALE, INTERNATIONAL_STRING_FK) values (39, "English (South Africa) ", "en", 38);
INSERT INTO TBL_LANGUAGES (ID, CODE, VALUE_FK) values (38, "en-za", 38);

INSERT INTO TBL_INTERNATIONAL_STRINGS (ID) values (39);
INSERT INTO TBL_LOCALISED_STRINGS (ID, LABEL, LOCALE, INTERNATIONAL_STRING_FK) values (40, "English (Trinidad) ", "en", 39);
INSERT INTO TBL_LANGUAGES (ID, CODE, VALUE_FK) values (39, "en-tt", 39);

INSERT INTO TBL_INTERNATIONAL_STRINGS (ID) values (40);
INSERT INTO TBL_LOCALISED_STRINGS (ID, LABEL, LOCALE, INTERNATIONAL_STRING_FK) values (41, "Spanish (Spain)", "en", 40);
INSERT INTO TBL_LOCALISED_STRINGS (ID, LABEL, LOCALE, INTERNATIONAL_STRING_FK) values (42, "Español", "es", 40);
INSERT INTO TBL_LANGUAGES (ID, CODE, VALUE_FK) values (40, "es", 40);

INSERT INTO TBL_INTERNATIONAL_STRINGS (ID) values (41);
INSERT INTO TBL_LOCALISED_STRINGS (ID, LABEL, LOCALE, INTERNATIONAL_STRING_FK) values (43, "Spanish (Guatemala)", "en", 41);
INSERT INTO TBL_LANGUAGES (ID, CODE, VALUE_FK) values (41, "es-gt", 41);

INSERT INTO TBL_INTERNATIONAL_STRINGS (ID) values (42);
INSERT INTO TBL_LOCALISED_STRINGS (ID, LABEL, LOCALE, INTERNATIONAL_STRING_FK) values (44, "Spanish (Panama)", "en", 42);
INSERT INTO TBL_LANGUAGES (ID, CODE, VALUE_FK) values (42, "es-pa", 42);

INSERT INTO TBL_INTERNATIONAL_STRINGS (ID) values (43);
INSERT INTO TBL_LOCALISED_STRINGS (ID, LABEL, LOCALE, INTERNATIONAL_STRING_FK) values (45, "Spanish (Venezuela)", "en", 43);
INSERT INTO TBL_LANGUAGES (ID, CODE, VALUE_FK) values (43, "es-ve", 43);

INSERT INTO TBL_INTERNATIONAL_STRINGS (ID) values (44);
INSERT INTO TBL_LOCALISED_STRINGS (ID, LABEL, LOCALE, INTERNATIONAL_STRING_FK) values (46, "Spanish (Peru)", "en", 44);
INSERT INTO TBL_LANGUAGES (ID, CODE, VALUE_FK) values (44, "es-pe", 44);

INSERT INTO TBL_INTERNATIONAL_STRINGS (ID) values (45);
INSERT INTO TBL_LOCALISED_STRINGS (ID, LABEL, LOCALE, INTERNATIONAL_STRING_FK) values (47, "Spanish (Ecuador)", "en", 45);
INSERT INTO TBL_LANGUAGES (ID, CODE, VALUE_FK) values (45, "es-ec", 45);

INSERT INTO TBL_INTERNATIONAL_STRINGS (ID) values (46);
INSERT INTO TBL_LOCALISED_STRINGS (ID, LABEL, LOCALE, INTERNATIONAL_STRING_FK) values (48, "Spanish (Uruguay)", "en", 46);
INSERT INTO TBL_LANGUAGES (ID, CODE, VALUE_FK) values (46, "es-uy", 46);

INSERT INTO TBL_INTERNATIONAL_STRINGS (ID) values (47);
INSERT INTO TBL_LOCALISED_STRINGS (ID, LABEL, LOCALE, INTERNATIONAL_STRING_FK) values (49, "Spanish (Bolivia)", "en", 47);
INSERT INTO TBL_LANGUAGES (ID, CODE, VALUE_FK) values (47, "es-bo", 47);

INSERT INTO TBL_INTERNATIONAL_STRINGS (ID) values (48);
INSERT INTO TBL_LOCALISED_STRINGS (ID, LABEL, LOCALE, INTERNATIONAL_STRING_FK) values (50, "Spanish (Honduras)", "en", 48);
INSERT INTO TBL_LANGUAGES (ID, CODE, VALUE_FK) values (48, "es-hn", 48);

INSERT INTO TBL_INTERNATIONAL_STRINGS (ID) values (49);
INSERT INTO TBL_LOCALISED_STRINGS (ID, LABEL, LOCALE, INTERNATIONAL_STRING_FK) values (51, "Spanish (Puerto Rico)", "en", 49);
INSERT INTO TBL_LANGUAGES (ID, CODE, VALUE_FK) values (49, "es-pr", 49);

INSERT INTO TBL_INTERNATIONAL_STRINGS (ID) values (50);
INSERT INTO TBL_LOCALISED_STRINGS (ID, LABEL, LOCALE, INTERNATIONAL_STRING_FK) values (52, "Spanish (Mexico) ", "en", 50);
INSERT INTO TBL_LANGUAGES (ID, CODE, VALUE_FK) values (50, "es-mx", 50);

INSERT INTO TBL_INTERNATIONAL_STRINGS (ID) values (51);
INSERT INTO TBL_LOCALISED_STRINGS (ID, LABEL, LOCALE, INTERNATIONAL_STRING_FK) values (53, "Spanish (Costa Rica) ", "en", 51);
INSERT INTO TBL_LANGUAGES (ID, CODE, VALUE_FK) values (51, "es-cr", 51);

INSERT INTO TBL_INTERNATIONAL_STRINGS (ID) values (52);
INSERT INTO TBL_LOCALISED_STRINGS (ID, LABEL, LOCALE, INTERNATIONAL_STRING_FK) values (54, "Spanish (Dominican Republic) ", "en", 52);
INSERT INTO TBL_LANGUAGES (ID, CODE, VALUE_FK) values (52, "es-do", 52);

INSERT INTO TBL_INTERNATIONAL_STRINGS (ID) values (53);
INSERT INTO TBL_LOCALISED_STRINGS (ID, LABEL, LOCALE, INTERNATIONAL_STRING_FK) values (55, "Spanish (Colombia) ", "en", 53);
INSERT INTO TBL_LANGUAGES (ID, CODE, VALUE_FK) values (53, "es-co", 53);

INSERT INTO TBL_INTERNATIONAL_STRINGS (ID) values (54);
INSERT INTO TBL_LOCALISED_STRINGS (ID, LABEL, LOCALE, INTERNATIONAL_STRING_FK) values (56, "Spanish (Argentina) ", "en", 54);
INSERT INTO TBL_LANGUAGES (ID, CODE, VALUE_FK) values (54, "es-ar", 54);

INSERT INTO TBL_INTERNATIONAL_STRINGS (ID) values (55);
INSERT INTO TBL_LOCALISED_STRINGS (ID, LABEL, LOCALE, INTERNATIONAL_STRING_FK) values (57, "Spanish (Chile) ", "en", 55);
INSERT INTO TBL_LANGUAGES (ID, CODE, VALUE_FK) values (55, "es-cl", 55);

INSERT INTO TBL_INTERNATIONAL_STRINGS (ID) values (56);
INSERT INTO TBL_LOCALISED_STRINGS (ID, LABEL, LOCALE, INTERNATIONAL_STRING_FK) values (58, "Spanish (Paraguay) ", "en", 56);
INSERT INTO TBL_LANGUAGES (ID, CODE, VALUE_FK) values (56, "es-py", 56);

INSERT INTO TBL_INTERNATIONAL_STRINGS (ID) values (57);
INSERT INTO TBL_LOCALISED_STRINGS (ID, LABEL, LOCALE, INTERNATIONAL_STRING_FK) values (59, "Spanish (El Salvador) ", "en", 57);
INSERT INTO TBL_LANGUAGES (ID, CODE, VALUE_FK) values (57, "es-sv", 57);

INSERT INTO TBL_INTERNATIONAL_STRINGS (ID) values (58);
INSERT INTO TBL_LOCALISED_STRINGS (ID, LABEL, LOCALE, INTERNATIONAL_STRING_FK) values (60, "Spanish (Nicaragua) ", "en", 58);
INSERT INTO TBL_LANGUAGES (ID, CODE, VALUE_FK) values (58, "es-ni", 58);

INSERT INTO TBL_INTERNATIONAL_STRINGS (ID) values (59);
INSERT INTO TBL_LOCALISED_STRINGS (ID, LABEL, LOCALE, INTERNATIONAL_STRING_FK) values (61, "Estonian", "en", 59);
INSERT INTO TBL_LANGUAGES (ID, CODE, VALUE_FK) values (59, "et", 59);

INSERT INTO TBL_INTERNATIONAL_STRINGS (ID) values (60);
INSERT INTO TBL_LOCALISED_STRINGS (ID, LABEL, LOCALE, INTERNATIONAL_STRING_FK) values (62, "Euskera", "es", 60);
INSERT INTO TBL_LOCALISED_STRINGS (ID, LABEL, LOCALE, INTERNATIONAL_STRING_FK) values (63, "Basque ", "en", 60);
INSERT INTO TBL_LANGUAGES (ID, CODE, VALUE_FK) values (60, "eu", 60);

INSERT INTO TBL_INTERNATIONAL_STRINGS (ID) values (61);
INSERT INTO TBL_LOCALISED_STRINGS (ID, LABEL, LOCALE, INTERNATIONAL_STRING_FK) values (64, "Farsi", "en", 61);
INSERT INTO TBL_LANGUAGES (ID, CODE, VALUE_FK) values (61, "fa", 61);

INSERT INTO TBL_INTERNATIONAL_STRINGS (ID) values (62);
INSERT INTO TBL_LOCALISED_STRINGS (ID, LABEL, LOCALE, INTERNATIONAL_STRING_FK) values (65, "Finnish ", "en", 62);
INSERT INTO TBL_LANGUAGES (ID, CODE, VALUE_FK) values (62, "fi", 62);

INSERT INTO TBL_INTERNATIONAL_STRINGS (ID) values (63);
INSERT INTO TBL_LOCALISED_STRINGS (ID, LABEL, LOCALE, INTERNATIONAL_STRING_FK) values (66, "Faeroese ", "en", 63);
INSERT INTO TBL_LANGUAGES (ID, CODE, VALUE_FK) values (63, "fo", 63);

INSERT INTO TBL_INTERNATIONAL_STRINGS (ID) values (64);
INSERT INTO TBL_LOCALISED_STRINGS (ID, LABEL, LOCALE, INTERNATIONAL_STRING_FK) values (67, "French (Standard)", "en", 64);
INSERT INTO TBL_LANGUAGES (ID, CODE, VALUE_FK) values (64, "fr", 64);

INSERT INTO TBL_INTERNATIONAL_STRINGS (ID) values (65);
INSERT INTO TBL_LOCALISED_STRINGS (ID, LABEL, LOCALE, INTERNATIONAL_STRING_FK) values (68, "French (Canada)", "en", 65);
INSERT INTO TBL_LANGUAGES (ID, CODE, VALUE_FK) values (65, "fr-ca", 65);

INSERT INTO TBL_INTERNATIONAL_STRINGS (ID) values (66);
INSERT INTO TBL_LOCALISED_STRINGS (ID, LABEL, LOCALE, INTERNATIONAL_STRING_FK) values (69, "French (Luxembourg)", "en", 66);
INSERT INTO TBL_LANGUAGES (ID, CODE, VALUE_FK) values (66, "fr-lu", 66);

INSERT INTO TBL_INTERNATIONAL_STRINGS (ID) values (67);
INSERT INTO TBL_LOCALISED_STRINGS (ID, LABEL, LOCALE, INTERNATIONAL_STRING_FK) values (70, "French (Belgium) ", "en", 67);
INSERT INTO TBL_LANGUAGES (ID, CODE, VALUE_FK) values (67, "fr-be", 67);

INSERT INTO TBL_INTERNATIONAL_STRINGS (ID) values (68);
INSERT INTO TBL_LOCALISED_STRINGS (ID, LABEL, LOCALE, INTERNATIONAL_STRING_FK) values (71, "French (Switzerland) ", "en", 68);
INSERT INTO TBL_LANGUAGES (ID, CODE, VALUE_FK) values (68, "fr-ch", 68);

INSERT INTO TBL_INTERNATIONAL_STRINGS (ID) values (69);
INSERT INTO TBL_LOCALISED_STRINGS (ID, LABEL, LOCALE, INTERNATIONAL_STRING_FK) values (72, "Irish", "en", 69);
INSERT INTO TBL_LANGUAGES (ID, CODE, VALUE_FK) values (69, "ga", 69);

INSERT INTO TBL_INTERNATIONAL_STRINGS (ID) values (70);
INSERT INTO TBL_LOCALISED_STRINGS (ID, LABEL, LOCALE, INTERNATIONAL_STRING_FK) values (73, "Gaelic (Scotland) ", "en", 70);
INSERT INTO TBL_LANGUAGES (ID, CODE, VALUE_FK) values (70, "gd", 70);

INSERT INTO TBL_INTERNATIONAL_STRINGS (ID) values (71);
INSERT INTO TBL_LOCALISED_STRINGS (ID, LABEL, LOCALE, INTERNATIONAL_STRING_FK) values (74, "Hebrew", "en", 71);
INSERT INTO TBL_LANGUAGES (ID, CODE, VALUE_FK) values (71, "he", 71);

INSERT INTO TBL_INTERNATIONAL_STRINGS (ID) values (72);
INSERT INTO TBL_LOCALISED_STRINGS (ID, LABEL, LOCALE, INTERNATIONAL_STRING_FK) values (75, "Hindi", "en", 72);
INSERT INTO TBL_LANGUAGES (ID, CODE, VALUE_FK) values (72, "hi", 72);

INSERT INTO TBL_INTERNATIONAL_STRINGS (ID) values (73);
INSERT INTO TBL_LOCALISED_STRINGS (ID, LABEL, LOCALE, INTERNATIONAL_STRING_FK) values (76, "Croatian ", "en", 73);
INSERT INTO TBL_LANGUAGES (ID, CODE, VALUE_FK) values (73, "hr", 73);

INSERT INTO TBL_INTERNATIONAL_STRINGS (ID) values (74);
INSERT INTO TBL_LOCALISED_STRINGS (ID, LABEL, LOCALE, INTERNATIONAL_STRING_FK) values (77, "Hungarian ", "en", 74);
INSERT INTO TBL_LANGUAGES (ID, CODE, VALUE_FK) values (74, "hu", 74);

INSERT INTO TBL_INTERNATIONAL_STRINGS (ID) values (75);
INSERT INTO TBL_LOCALISED_STRINGS (ID, LABEL, LOCALE, INTERNATIONAL_STRING_FK) values (78, "Indonesian", "en", 75);
INSERT INTO TBL_LANGUAGES (ID, CODE, VALUE_FK) values (75, "id", 75);

INSERT INTO TBL_INTERNATIONAL_STRINGS (ID) values (76);
INSERT INTO TBL_LOCALISED_STRINGS (ID, LABEL, LOCALE, INTERNATIONAL_STRING_FK) values (79, "Icelandic", "en", 76);
INSERT INTO TBL_LANGUAGES (ID, CODE, VALUE_FK) values (76, "is", 76);

INSERT INTO TBL_INTERNATIONAL_STRINGS (ID) values (77);
INSERT INTO TBL_LOCALISED_STRINGS (ID, LABEL, LOCALE, INTERNATIONAL_STRING_FK) values (80, "Italian (Standard)", "en", 77);
INSERT INTO TBL_LOCALISED_STRINGS (ID, LABEL, LOCALE, INTERNATIONAL_STRING_FK) values (81, "Italiano", "es", 77);
INSERT INTO TBL_LANGUAGES (ID, CODE, VALUE_FK) values (77, "it", 77);

INSERT INTO TBL_INTERNATIONAL_STRINGS (ID) values (78);
INSERT INTO TBL_LOCALISED_STRINGS (ID, LABEL, LOCALE, INTERNATIONAL_STRING_FK) values (82, "Italian (Switzerland)", "en", 78);
INSERT INTO TBL_LANGUAGES (ID, CODE, VALUE_FK) values (78, "it-ch", 78);

INSERT INTO TBL_INTERNATIONAL_STRINGS (ID) values (79);
INSERT INTO TBL_LOCALISED_STRINGS (ID, LABEL, LOCALE, INTERNATIONAL_STRING_FK) values (83, "Japanese", "en", 79);
INSERT INTO TBL_LANGUAGES (ID, CODE, VALUE_FK) values (79, "ja", 79);

INSERT INTO TBL_INTERNATIONAL_STRINGS (ID) values (80);
INSERT INTO TBL_LOCALISED_STRINGS (ID, LABEL, LOCALE, INTERNATIONAL_STRING_FK) values (84, "Yiddish ", "en", 80);
INSERT INTO TBL_LANGUAGES (ID, CODE, VALUE_FK) values (80, "ji", 80);

INSERT INTO TBL_INTERNATIONAL_STRINGS (ID) values (81);
INSERT INTO TBL_LOCALISED_STRINGS (ID, LABEL, LOCALE, INTERNATIONAL_STRING_FK) values (85, "Korean ", "en", 81);
INSERT INTO TBL_LANGUAGES (ID, CODE, VALUE_FK) values (81, "ko", 81);

INSERT INTO TBL_INTERNATIONAL_STRINGS (ID) values (82);
INSERT INTO TBL_LOCALISED_STRINGS (ID, LABEL, LOCALE, INTERNATIONAL_STRING_FK) values (86, "Lithuanian", "en", 82);
INSERT INTO TBL_LANGUAGES (ID, CODE, VALUE_FK) values (82, "lt", 82);

INSERT INTO TBL_INTERNATIONAL_STRINGS (ID) values (83);
INSERT INTO TBL_LOCALISED_STRINGS (ID, LABEL, LOCALE, INTERNATIONAL_STRING_FK) values (87, "Latvian ", "en", 83);
INSERT INTO TBL_LANGUAGES (ID, CODE, VALUE_FK) values (83, "lv", 83);

INSERT INTO TBL_INTERNATIONAL_STRINGS (ID) values (84);
INSERT INTO TBL_LOCALISED_STRINGS (ID, LABEL, LOCALE, INTERNATIONAL_STRING_FK) values (88, "Macedonian (FYROM)", "en", 84);
INSERT INTO TBL_LANGUAGES (ID, CODE, VALUE_FK) values (84, "mk", 84);

INSERT INTO TBL_INTERNATIONAL_STRINGS (ID) values (85);
INSERT INTO TBL_LOCALISED_STRINGS (ID, LABEL, LOCALE, INTERNATIONAL_STRING_FK) values (89, "Malaysian", "en", 85);
INSERT INTO TBL_LANGUAGES (ID, CODE, VALUE_FK) values (85, "ms", 85);

INSERT INTO TBL_INTERNATIONAL_STRINGS (ID) values (86);
INSERT INTO TBL_LOCALISED_STRINGS (ID, LABEL, LOCALE, INTERNATIONAL_STRING_FK) values (90, "Maltese ", "en", 86);
INSERT INTO TBL_LANGUAGES (ID, CODE, VALUE_FK) values (86, "mt", 86);

INSERT INTO TBL_INTERNATIONAL_STRINGS (ID) values (87);
INSERT INTO TBL_LOCALISED_STRINGS (ID, LABEL, LOCALE, INTERNATIONAL_STRING_FK) values (91, "Dutch (Standard)", "en", 87);
INSERT INTO TBL_LANGUAGES (ID, CODE, VALUE_FK) values (87, "nl", 87);

INSERT INTO TBL_INTERNATIONAL_STRINGS (ID) values (88);
INSERT INTO TBL_LOCALISED_STRINGS (ID, LABEL, LOCALE, INTERNATIONAL_STRING_FK) values (92, "Dutch (Belgium) ", "en", 88);
INSERT INTO TBL_LANGUAGES (ID, CODE, VALUE_FK) values (88, "nl-be", 88);

INSERT INTO TBL_INTERNATIONAL_STRINGS (ID) values (89);
INSERT INTO TBL_LOCALISED_STRINGS (ID, LABEL, LOCALE, INTERNATIONAL_STRING_FK) values (93, "Norwegian (Nynorsk) ", "en", 89);
INSERT INTO TBL_LANGUAGES (ID, CODE, VALUE_FK) values (89, "no", 89);

INSERT INTO TBL_INTERNATIONAL_STRINGS (ID) values (90);
INSERT INTO TBL_LOCALISED_STRINGS (ID, LABEL, LOCALE, INTERNATIONAL_STRING_FK) values (94, "Polish", "en", 90);
INSERT INTO TBL_LANGUAGES (ID, CODE, VALUE_FK) values (90, "pl", 90);

INSERT INTO TBL_INTERNATIONAL_STRINGS (ID) values (91);
INSERT INTO TBL_LOCALISED_STRINGS (ID, LABEL, LOCALE, INTERNATIONAL_STRING_FK) values (95, "Portuguese (Portugal)", "en", 91);
INSERT INTO TBL_LANGUAGES (ID, CODE, VALUE_FK) values (91, "pt", 91);

INSERT INTO TBL_INTERNATIONAL_STRINGS (ID) values (92);
INSERT INTO TBL_LOCALISED_STRINGS (ID, LABEL, LOCALE, INTERNATIONAL_STRING_FK) values (96, "Portuguese (Brazil) ", "en", 92);
INSERT INTO TBL_LANGUAGES (ID, CODE, VALUE_FK) values (92, "pt-br", 92);

INSERT INTO TBL_INTERNATIONAL_STRINGS (ID) values (93);
INSERT INTO TBL_LOCALISED_STRINGS (ID, LABEL, LOCALE, INTERNATIONAL_STRING_FK) values (97, "Rhaeto-Romanic ", "en", 93);
INSERT INTO TBL_LANGUAGES (ID, CODE, VALUE_FK) values (93, "rm", 93);

INSERT INTO TBL_INTERNATIONAL_STRINGS (ID) values (94);
INSERT INTO TBL_LOCALISED_STRINGS (ID, LABEL, LOCALE, INTERNATIONAL_STRING_FK) values (98, "Romanian", "en", 94);
INSERT INTO TBL_LANGUAGES (ID, CODE, VALUE_FK) values (94, "ro", 94);

INSERT INTO TBL_INTERNATIONAL_STRINGS (ID) values (95);
INSERT INTO TBL_LOCALISED_STRINGS (ID, LABEL, LOCALE, INTERNATIONAL_STRING_FK) values (99, "Romanian (Republic of Moldova) ", "en", 95);
INSERT INTO TBL_LANGUAGES (ID, CODE, VALUE_FK) values (95, "ro-mo", 95);

INSERT INTO TBL_INTERNATIONAL_STRINGS (ID) values (96);
INSERT INTO TBL_LOCALISED_STRINGS (ID, LABEL, LOCALE, INTERNATIONAL_STRING_FK) values (100, "Russian", "en", 96);
INSERT INTO TBL_LANGUAGES (ID, CODE, VALUE_FK) values (96, "ru", 96);

INSERT INTO TBL_INTERNATIONAL_STRINGS (ID) values (97);
INSERT INTO TBL_LOCALISED_STRINGS (ID, LABEL, LOCALE, INTERNATIONAL_STRING_FK) values (101, "Russian (Republic of Moldova) ", "en", 97);
INSERT INTO TBL_LANGUAGES (ID, CODE, VALUE_FK) values (97, "ru-mo", 97);

INSERT INTO TBL_INTERNATIONAL_STRINGS (ID) values (98);
INSERT INTO TBL_LOCALISED_STRINGS (ID, LABEL, LOCALE, INTERNATIONAL_STRING_FK) values (102, "Slovak ", "en", 98);
INSERT INTO TBL_LANGUAGES (ID, CODE, VALUE_FK) values (98, "sk", 98);

INSERT INTO TBL_INTERNATIONAL_STRINGS (ID) values (99);
INSERT INTO TBL_LOCALISED_STRINGS (ID, LABEL, LOCALE, INTERNATIONAL_STRING_FK) values (103, "Sorbian ", "en", 99);
INSERT INTO TBL_LANGUAGES (ID, CODE, VALUE_FK) values (99, "sb", 99);

INSERT INTO TBL_INTERNATIONAL_STRINGS (ID) values (100);
INSERT INTO TBL_LOCALISED_STRINGS (ID, LABEL, LOCALE, INTERNATIONAL_STRING_FK) values (104, "Slovenian", "en", 100);
INSERT INTO TBL_LANGUAGES (ID, CODE, VALUE_FK) values (100, "sl", 100);

INSERT INTO TBL_INTERNATIONAL_STRINGS (ID) values (101);
INSERT INTO TBL_LOCALISED_STRINGS (ID, LABEL, LOCALE, INTERNATIONAL_STRING_FK) values (105, "Albanian", "en", 101);
INSERT INTO TBL_LANGUAGES (ID, CODE, VALUE_FK) values (101, "sq", 101);

INSERT INTO TBL_INTERNATIONAL_STRINGS (ID) values (102);
INSERT INTO TBL_LOCALISED_STRINGS (ID, LABEL, LOCALE, INTERNATIONAL_STRING_FK) values (106, "Sutu ", "en", 102);
INSERT INTO TBL_LANGUAGES (ID, CODE, VALUE_FK) values (102, "sx", 102);

INSERT INTO TBL_INTERNATIONAL_STRINGS (ID) values (103);
INSERT INTO TBL_LOCALISED_STRINGS (ID, LABEL, LOCALE, INTERNATIONAL_STRING_FK) values (107, "Serbian (Latin)", "en", 103);
INSERT INTO TBL_LANGUAGES (ID, CODE, VALUE_FK) values (103, "sr", 103);

INSERT INTO TBL_INTERNATIONAL_STRINGS (ID) values (104);
INSERT INTO TBL_LOCALISED_STRINGS (ID, LABEL, LOCALE, INTERNATIONAL_STRING_FK) values (108, "Swedish", "en", 104);
INSERT INTO TBL_LANGUAGES (ID, CODE, VALUE_FK) values (104, "sv", 104);

INSERT INTO TBL_INTERNATIONAL_STRINGS (ID) values (105);
INSERT INTO TBL_LOCALISED_STRINGS (ID, LABEL, LOCALE, INTERNATIONAL_STRING_FK) values (109, "Swedish (Finland) ", "en", 105);
INSERT INTO TBL_LANGUAGES (ID, CODE, VALUE_FK) values (105, "sv-fi", 105);

INSERT INTO TBL_INTERNATIONAL_STRINGS (ID) values (106);
INSERT INTO TBL_LOCALISED_STRINGS (ID, LABEL, LOCALE, INTERNATIONAL_STRING_FK) values (110, "Sami (Lappish)", "en", 106);
INSERT INTO TBL_LANGUAGES (ID, CODE, VALUE_FK) values (106, "sz", 106);

INSERT INTO TBL_INTERNATIONAL_STRINGS (ID) values (107);
INSERT INTO TBL_LOCALISED_STRINGS (ID, LABEL, LOCALE, INTERNATIONAL_STRING_FK) values (111, "Thai", "en", 107);
INSERT INTO TBL_LANGUAGES (ID, CODE, VALUE_FK) values (107, "th", 107);

INSERT INTO TBL_INTERNATIONAL_STRINGS (ID) values (108);
INSERT INTO TBL_LOCALISED_STRINGS (ID, LABEL, LOCALE, INTERNATIONAL_STRING_FK) values (112, "Tswana", "en", 108);
INSERT INTO TBL_LANGUAGES (ID, CODE, VALUE_FK) values (108, "tn", 108);

INSERT INTO TBL_INTERNATIONAL_STRINGS (ID) values (109);
INSERT INTO TBL_LOCALISED_STRINGS (ID, LABEL, LOCALE, INTERNATIONAL_STRING_FK) values (113, "Tsonga ", "en", 109);
INSERT INTO TBL_LANGUAGES (ID, CODE, VALUE_FK) values (109, "ts", 109);

INSERT INTO TBL_INTERNATIONAL_STRINGS (ID) values (110);
INSERT INTO TBL_LOCALISED_STRINGS (ID, LABEL, LOCALE, INTERNATIONAL_STRING_FK) values (114, "Turkish", "en", 110);
INSERT INTO TBL_LANGUAGES (ID, CODE, VALUE_FK) values (110, "tr", 110);

INSERT INTO TBL_INTERNATIONAL_STRINGS (ID) values (111);
INSERT INTO TBL_LOCALISED_STRINGS (ID, LABEL, LOCALE, INTERNATIONAL_STRING_FK) values (115, "Ukrainian ", "en", 111);
INSERT INTO TBL_LANGUAGES (ID, CODE, VALUE_FK) values (111, "uk", 111);

INSERT INTO TBL_INTERNATIONAL_STRINGS (ID) values (112);
INSERT INTO TBL_LOCALISED_STRINGS (ID, LABEL, LOCALE, INTERNATIONAL_STRING_FK) values (116, "Urdu ", "en", 112);
INSERT INTO TBL_LANGUAGES (ID, CODE, VALUE_FK) values (112, "ur", 112);

INSERT INTO TBL_INTERNATIONAL_STRINGS (ID) values (113);
INSERT INTO TBL_LOCALISED_STRINGS (ID, LABEL, LOCALE, INTERNATIONAL_STRING_FK) values (117, "Venda", "en", 113);
INSERT INTO TBL_LANGUAGES (ID, CODE, VALUE_FK) values (113, "ve", 113);

INSERT INTO TBL_INTERNATIONAL_STRINGS (ID) values (114);
INSERT INTO TBL_LOCALISED_STRINGS (ID, LABEL, LOCALE, INTERNATIONAL_STRING_FK) values (118, "Vietnamese ", "en", 114);
INSERT INTO TBL_LANGUAGES (ID, CODE, VALUE_FK) values (114, "vi", 114);

INSERT INTO TBL_INTERNATIONAL_STRINGS (ID) values (115);
INSERT INTO TBL_LOCALISED_STRINGS (ID, LABEL, LOCALE, INTERNATIONAL_STRING_FK) values (119, "Xhosa", "en", 115);
INSERT INTO TBL_LANGUAGES (ID, CODE, VALUE_FK) values (115, "xh", 115);

INSERT INTO TBL_INTERNATIONAL_STRINGS (ID) values (116);
INSERT INTO TBL_LOCALISED_STRINGS (ID, LABEL, LOCALE, INTERNATIONAL_STRING_FK) values (120, "Chinese (PRC)", "en", 116);
INSERT INTO TBL_LANGUAGES (ID, CODE, VALUE_FK) values (116, "zh-cn", 116);

INSERT INTO TBL_INTERNATIONAL_STRINGS (ID) values (117);
INSERT INTO TBL_LOCALISED_STRINGS (ID, LABEL, LOCALE, INTERNATIONAL_STRING_FK) values (121, "Chinese (Singapore)", "en", 117);
INSERT INTO TBL_LANGUAGES (ID, CODE, VALUE_FK) values (117, "zh-sg", 117);

INSERT INTO TBL_INTERNATIONAL_STRINGS (ID) values (118);
INSERT INTO TBL_LOCALISED_STRINGS (ID, LABEL, LOCALE, INTERNATIONAL_STRING_FK) values (122, "Chinese (Taiwan) ", "en", 118);
INSERT INTO TBL_LANGUAGES (ID, CODE, VALUE_FK) values (118, "zh-tw", 118);

INSERT INTO TBL_INTERNATIONAL_STRINGS (ID) values (119);
INSERT INTO TBL_LOCALISED_STRINGS (ID, LABEL, LOCALE, INTERNATIONAL_STRING_FK) values (123, "Chinese (Hong Kong SAR)", "en", 119);
INSERT INTO TBL_LANGUAGES (ID, CODE, VALUE_FK) values (119, "zh-hk", 119);

INSERT INTO TBL_INTERNATIONAL_STRINGS (ID) values (120);
INSERT INTO TBL_LOCALISED_STRINGS (ID, LABEL, LOCALE, INTERNATIONAL_STRING_FK) values (124, "Zulu ", "en", 120);
INSERT INTO TBL_LANGUAGES (ID, CODE, VALUE_FK) values (120, "zu", 120);

