-- To regenerate this sql, execute CategoriesToSql.java

INSERT INTO TBL_INTERNATIONAL_STRINGS (ID) values (121);
INSERT INTO TBL_LOCALISED_STRINGS (ID, LABEL, LOCALE, INTERNATIONAL_STRING_FK) values (125, "Demographic and social statistics", "en", 121);
INSERT INTO TBL_LOCALISED_STRINGS (ID, LABEL, LOCALE, INTERNATIONAL_STRING_FK) values (126, "Estadísticas demográficas y sociales", "es", 121);
INSERT INTO TBL_CATEGORIES (ID, CODE, VALUE_FK, PARENT_FK) values (1, "1", 121, null);

INSERT INTO TBL_INTERNATIONAL_STRINGS (ID) values (122);
INSERT INTO TBL_LOCALISED_STRINGS (ID, LABEL, LOCALE, INTERNATIONAL_STRING_FK) values (127, "Population and migration", "en", 122);
INSERT INTO TBL_LOCALISED_STRINGS (ID, LABEL, LOCALE, INTERNATIONAL_STRING_FK) values (128, "Población y migración", "es", 122);
INSERT INTO TBL_CATEGORIES (ID, CODE, VALUE_FK, PARENT_FK) values (2, "1.1", 122, 1);

INSERT INTO TBL_INTERNATIONAL_STRINGS (ID) values (123);
INSERT INTO TBL_LOCALISED_STRINGS (ID, LABEL, LOCALE, INTERNATIONAL_STRING_FK) values (129, "Labour", "en", 123);
INSERT INTO TBL_LOCALISED_STRINGS (ID, LABEL, LOCALE, INTERNATIONAL_STRING_FK) values (130, "Trabajo", "es", 123);
INSERT INTO TBL_CATEGORIES (ID, CODE, VALUE_FK, PARENT_FK) values (3, "1.2", 123, 1);

INSERT INTO TBL_INTERNATIONAL_STRINGS (ID) values (124);
INSERT INTO TBL_LOCALISED_STRINGS (ID, LABEL, LOCALE, INTERNATIONAL_STRING_FK) values (131, "Education", "en", 124);
INSERT INTO TBL_LOCALISED_STRINGS (ID, LABEL, LOCALE, INTERNATIONAL_STRING_FK) values (132, "Educación", "es", 124);
INSERT INTO TBL_CATEGORIES (ID, CODE, VALUE_FK, PARENT_FK) values (4, "1.3", 124, 1);

INSERT INTO TBL_INTERNATIONAL_STRINGS (ID) values (125);
INSERT INTO TBL_LOCALISED_STRINGS (ID, LABEL, LOCALE, INTERNATIONAL_STRING_FK) values (133, "Health", "en", 125);
INSERT INTO TBL_LOCALISED_STRINGS (ID, LABEL, LOCALE, INTERNATIONAL_STRING_FK) values (134, "Salud", "es", 125);
INSERT INTO TBL_CATEGORIES (ID, CODE, VALUE_FK, PARENT_FK) values (5, "1.4", 125, 1);

INSERT INTO TBL_INTERNATIONAL_STRINGS (ID) values (126);
INSERT INTO TBL_LOCALISED_STRINGS (ID, LABEL, LOCALE, INTERNATIONAL_STRING_FK) values (135, "Income and consumption", "en", 126);
INSERT INTO TBL_LOCALISED_STRINGS (ID, LABEL, LOCALE, INTERNATIONAL_STRING_FK) values (136, "Ingresos y consumo", "es", 126);
INSERT INTO TBL_CATEGORIES (ID, CODE, VALUE_FK, PARENT_FK) values (6, "1.5", 126, 1);

INSERT INTO TBL_INTERNATIONAL_STRINGS (ID) values (127);
INSERT INTO TBL_LOCALISED_STRINGS (ID, LABEL, LOCALE, INTERNATIONAL_STRING_FK) values (137, "Social protection", "en", 127);
INSERT INTO TBL_LOCALISED_STRINGS (ID, LABEL, LOCALE, INTERNATIONAL_STRING_FK) values (138, "Protección social", "es", 127);
INSERT INTO TBL_CATEGORIES (ID, CODE, VALUE_FK, PARENT_FK) values (7, "1.6", 127, 1);

INSERT INTO TBL_INTERNATIONAL_STRINGS (ID) values (128);
INSERT INTO TBL_LOCALISED_STRINGS (ID, LABEL, LOCALE, INTERNATIONAL_STRING_FK) values (139, "Human settlements and housing", "en", 128);
INSERT INTO TBL_LOCALISED_STRINGS (ID, LABEL, LOCALE, INTERNATIONAL_STRING_FK) values (140, "Asentamientos y vivienda", "es", 128);
INSERT INTO TBL_CATEGORIES (ID, CODE, VALUE_FK, PARENT_FK) values (8, "1.7", 128, 1);

INSERT INTO TBL_INTERNATIONAL_STRINGS (ID) values (129);
INSERT INTO TBL_LOCALISED_STRINGS (ID, LABEL, LOCALE, INTERNATIONAL_STRING_FK) values (141, "Justice and crime", "en", 129);
INSERT INTO TBL_LOCALISED_STRINGS (ID, LABEL, LOCALE, INTERNATIONAL_STRING_FK) values (142, "Justicia y crímenes", "es", 129);
INSERT INTO TBL_CATEGORIES (ID, CODE, VALUE_FK, PARENT_FK) values (9, "1.8", 129, 1);

INSERT INTO TBL_INTERNATIONAL_STRINGS (ID) values (130);
INSERT INTO TBL_LOCALISED_STRINGS (ID, LABEL, LOCALE, INTERNATIONAL_STRING_FK) values (143, "Culture", "en", 130);
INSERT INTO TBL_LOCALISED_STRINGS (ID, LABEL, LOCALE, INTERNATIONAL_STRING_FK) values (144, "Cultura", "es", 130);
INSERT INTO TBL_CATEGORIES (ID, CODE, VALUE_FK, PARENT_FK) values (10, "1.9", 130, 1);

INSERT INTO TBL_INTERNATIONAL_STRINGS (ID) values (131);
INSERT INTO TBL_LOCALISED_STRINGS (ID, LABEL, LOCALE, INTERNATIONAL_STRING_FK) values (145, "Political and other community activities", "en", 131);
INSERT INTO TBL_LOCALISED_STRINGS (ID, LABEL, LOCALE, INTERNATIONAL_STRING_FK) values (146, "Política y otras actividades de la comunidad", "es", 131);
INSERT INTO TBL_CATEGORIES (ID, CODE, VALUE_FK, PARENT_FK) values (11, "1.10", 131, 1);

INSERT INTO TBL_INTERNATIONAL_STRINGS (ID) values (132);
INSERT INTO TBL_LOCALISED_STRINGS (ID, LABEL, LOCALE, INTERNATIONAL_STRING_FK) values (147, "Time use", "en", 132);
INSERT INTO TBL_LOCALISED_STRINGS (ID, LABEL, LOCALE, INTERNATIONAL_STRING_FK) values (148, "Ocio", "es", 132);
INSERT INTO TBL_CATEGORIES (ID, CODE, VALUE_FK, PARENT_FK) values (12, "1.11", 132, 1);

INSERT INTO TBL_INTERNATIONAL_STRINGS (ID) values (133);
INSERT INTO TBL_LOCALISED_STRINGS (ID, LABEL, LOCALE, INTERNATIONAL_STRING_FK) values (149, "Economic statistics", "en", 133);
INSERT INTO TBL_LOCALISED_STRINGS (ID, LABEL, LOCALE, INTERNATIONAL_STRING_FK) values (150, "Estadísticas económicas", "es", 133);
INSERT INTO TBL_CATEGORIES (ID, CODE, VALUE_FK, PARENT_FK) values (13, "2", 133, null);

INSERT INTO TBL_INTERNATIONAL_STRINGS (ID) values (134);
INSERT INTO TBL_LOCALISED_STRINGS (ID, LABEL, LOCALE, INTERNATIONAL_STRING_FK) values (151, "Macroeconomic statistics", "en", 134);
INSERT INTO TBL_LOCALISED_STRINGS (ID, LABEL, LOCALE, INTERNATIONAL_STRING_FK) values (152, "Estadísticas macroeconómicas", "es", 134);
INSERT INTO TBL_CATEGORIES (ID, CODE, VALUE_FK, PARENT_FK) values (14, "2.1", 134, 13);

INSERT INTO TBL_INTERNATIONAL_STRINGS (ID) values (135);
INSERT INTO TBL_LOCALISED_STRINGS (ID, LABEL, LOCALE, INTERNATIONAL_STRING_FK) values (153, "Economic accounts", "en", 135);
INSERT INTO TBL_LOCALISED_STRINGS (ID, LABEL, LOCALE, INTERNATIONAL_STRING_FK) values (154, "Cuentas económicas", "es", 135);
INSERT INTO TBL_CATEGORIES (ID, CODE, VALUE_FK, PARENT_FK) values (15, "2.2", 135, 13);

INSERT INTO TBL_INTERNATIONAL_STRINGS (ID) values (136);
INSERT INTO TBL_LOCALISED_STRINGS (ID, LABEL, LOCALE, INTERNATIONAL_STRING_FK) values (155, "Business statistics", "en", 136);
INSERT INTO TBL_LOCALISED_STRINGS (ID, LABEL, LOCALE, INTERNATIONAL_STRING_FK) values (156, "Estadísticas empresariales", "es", 136);
INSERT INTO TBL_CATEGORIES (ID, CODE, VALUE_FK, PARENT_FK) values (16, "2.3", 136, 13);

INSERT INTO TBL_INTERNATIONAL_STRINGS (ID) values (137);
INSERT INTO TBL_LOCALISED_STRINGS (ID, LABEL, LOCALE, INTERNATIONAL_STRING_FK) values (157, "Sectoral statistics", "en", 137);
INSERT INTO TBL_LOCALISED_STRINGS (ID, LABEL, LOCALE, INTERNATIONAL_STRING_FK) values (158, "Estadísticas sectoriales", "es", 137);
INSERT INTO TBL_CATEGORIES (ID, CODE, VALUE_FK, PARENT_FK) values (17, "2.4", 137, 13);

INSERT INTO TBL_INTERNATIONAL_STRINGS (ID) values (138);
INSERT INTO TBL_LOCALISED_STRINGS (ID, LABEL, LOCALE, INTERNATIONAL_STRING_FK) values (159, "Agriculture, forestry, fisheries", "en", 138);
INSERT INTO TBL_LOCALISED_STRINGS (ID, LABEL, LOCALE, INTERNATIONAL_STRING_FK) values (160, "Agricultura, silvicultura y pesca", "es", 138);
INSERT INTO TBL_CATEGORIES (ID, CODE, VALUE_FK, PARENT_FK) values (18, "2.4.1", 138, 17);

INSERT INTO TBL_INTERNATIONAL_STRINGS (ID) values (139);
INSERT INTO TBL_LOCALISED_STRINGS (ID, LABEL, LOCALE, INTERNATIONAL_STRING_FK) values (161, "Energy", "en", 139);
INSERT INTO TBL_LOCALISED_STRINGS (ID, LABEL, LOCALE, INTERNATIONAL_STRING_FK) values (162, "Energía", "es", 139);
INSERT INTO TBL_CATEGORIES (ID, CODE, VALUE_FK, PARENT_FK) values (19, "2.4.2", 139, 17);

INSERT INTO TBL_INTERNATIONAL_STRINGS (ID) values (140);
INSERT INTO TBL_LOCALISED_STRINGS (ID, LABEL, LOCALE, INTERNATIONAL_STRING_FK) values (163, "Mining, manufacturing, construction", "en", 140);
INSERT INTO TBL_LOCALISED_STRINGS (ID, LABEL, LOCALE, INTERNATIONAL_STRING_FK) values (164, "Minería, manufactura y construcción", "es", 140);
INSERT INTO TBL_CATEGORIES (ID, CODE, VALUE_FK, PARENT_FK) values (20, "2.4.3", 140, 17);

INSERT INTO TBL_INTERNATIONAL_STRINGS (ID) values (141);
INSERT INTO TBL_LOCALISED_STRINGS (ID, LABEL, LOCALE, INTERNATIONAL_STRING_FK) values (165, "Transport", "en", 141);
INSERT INTO TBL_LOCALISED_STRINGS (ID, LABEL, LOCALE, INTERNATIONAL_STRING_FK) values (166, "Transporte", "es", 141);
INSERT INTO TBL_CATEGORIES (ID, CODE, VALUE_FK, PARENT_FK) values (21, "2.4.4", 141, 17);

INSERT INTO TBL_INTERNATIONAL_STRINGS (ID) values (142);
INSERT INTO TBL_LOCALISED_STRINGS (ID, LABEL, LOCALE, INTERNATIONAL_STRING_FK) values (167, "Tourism", "en", 142);
INSERT INTO TBL_LOCALISED_STRINGS (ID, LABEL, LOCALE, INTERNATIONAL_STRING_FK) values (168, "Turismo", "es", 142);
INSERT INTO TBL_CATEGORIES (ID, CODE, VALUE_FK, PARENT_FK) values (22, "2.4.5", 142, 17);

INSERT INTO TBL_INTERNATIONAL_STRINGS (ID) values (143);
INSERT INTO TBL_LOCALISED_STRINGS (ID, LABEL, LOCALE, INTERNATIONAL_STRING_FK) values (169, "Banking, insurance, financial statistics", "en", 143);
INSERT INTO TBL_LOCALISED_STRINGS (ID, LABEL, LOCALE, INTERNATIONAL_STRING_FK) values (170, "Banca, seguros y estadísticas financieras", "es", 143);
INSERT INTO TBL_CATEGORIES (ID, CODE, VALUE_FK, PARENT_FK) values (23, "2.4.6", 143, 17);

INSERT INTO TBL_INTERNATIONAL_STRINGS (ID) values (144);
INSERT INTO TBL_LOCALISED_STRINGS (ID, LABEL, LOCALE, INTERNATIONAL_STRING_FK) values (171, "Government finance, fiscal and public sector statistics", "en", 144);
INSERT INTO TBL_LOCALISED_STRINGS (ID, LABEL, LOCALE, INTERNATIONAL_STRING_FK) values (172, "Finanzas públicas, fiscales y de estadísticas del sector público", "es", 144);
INSERT INTO TBL_CATEGORIES (ID, CODE, VALUE_FK, PARENT_FK) values (24, "2.5", 144, 13);

INSERT INTO TBL_INTERNATIONAL_STRINGS (ID) values (145);
INSERT INTO TBL_LOCALISED_STRINGS (ID, LABEL, LOCALE, INTERNATIONAL_STRING_FK) values (173, "International trade and balance of payments", "en", 145);
INSERT INTO TBL_LOCALISED_STRINGS (ID, LABEL, LOCALE, INTERNATIONAL_STRING_FK) values (174, "Comercio internacional y balanza de pagos", "es", 145);
INSERT INTO TBL_CATEGORIES (ID, CODE, VALUE_FK, PARENT_FK) values (25, "2.6", 145, 13);

INSERT INTO TBL_INTERNATIONAL_STRINGS (ID) values (146);
INSERT INTO TBL_LOCALISED_STRINGS (ID, LABEL, LOCALE, INTERNATIONAL_STRING_FK) values (175, "Prices", "en", 146);
INSERT INTO TBL_LOCALISED_STRINGS (ID, LABEL, LOCALE, INTERNATIONAL_STRING_FK) values (176, "Precios", "es", 146);
INSERT INTO TBL_CATEGORIES (ID, CODE, VALUE_FK, PARENT_FK) values (26, "2.7", 146, 13);

INSERT INTO TBL_INTERNATIONAL_STRINGS (ID) values (147);
INSERT INTO TBL_LOCALISED_STRINGS (ID, LABEL, LOCALE, INTERNATIONAL_STRING_FK) values (177, "Labour cost", "en", 147);
INSERT INTO TBL_LOCALISED_STRINGS (ID, LABEL, LOCALE, INTERNATIONAL_STRING_FK) values (178, "Coste laboral", "es", 147);
INSERT INTO TBL_CATEGORIES (ID, CODE, VALUE_FK, PARENT_FK) values (27, "2.8", 147, 13);

INSERT INTO TBL_INTERNATIONAL_STRINGS (ID) values (148);
INSERT INTO TBL_LOCALISED_STRINGS (ID, LABEL, LOCALE, INTERNATIONAL_STRING_FK) values (179, "Science, technology and innovation", "en", 148);
INSERT INTO TBL_LOCALISED_STRINGS (ID, LABEL, LOCALE, INTERNATIONAL_STRING_FK) values (180, "Ciencia, tecnología e innovación", "es", 148);
INSERT INTO TBL_CATEGORIES (ID, CODE, VALUE_FK, PARENT_FK) values (28, "2.9", 148, 13);

INSERT INTO TBL_INTERNATIONAL_STRINGS (ID) values (149);
INSERT INTO TBL_LOCALISED_STRINGS (ID, LABEL, LOCALE, INTERNATIONAL_STRING_FK) values (181, "Environment and multi-domain statistics", "en", 149);
INSERT INTO TBL_LOCALISED_STRINGS (ID, LABEL, LOCALE, INTERNATIONAL_STRING_FK) values (182, "Medio Ambiente y estadísticas multi-dominio", "es", 149);
INSERT INTO TBL_CATEGORIES (ID, CODE, VALUE_FK, PARENT_FK) values (29, "3", 149, null);

INSERT INTO TBL_INTERNATIONAL_STRINGS (ID) values (150);
INSERT INTO TBL_LOCALISED_STRINGS (ID, LABEL, LOCALE, INTERNATIONAL_STRING_FK) values (183, "Environment", "en", 150);
INSERT INTO TBL_LOCALISED_STRINGS (ID, LABEL, LOCALE, INTERNATIONAL_STRING_FK) values (184, "Medio Ambiente", "es", 150);
INSERT INTO TBL_CATEGORIES (ID, CODE, VALUE_FK, PARENT_FK) values (30, "3.1", 150, 29);

INSERT INTO TBL_INTERNATIONAL_STRINGS (ID) values (151);
INSERT INTO TBL_LOCALISED_STRINGS (ID, LABEL, LOCALE, INTERNATIONAL_STRING_FK) values (185, "Regional and small area statistics", "en", 151);
INSERT INTO TBL_LOCALISED_STRINGS (ID, LABEL, LOCALE, INTERNATIONAL_STRING_FK) values (186, "Estadísticas regionales y en áreas pequeñas", "es", 151);
INSERT INTO TBL_CATEGORIES (ID, CODE, VALUE_FK, PARENT_FK) values (31, "3.2", 151, 29);

INSERT INTO TBL_INTERNATIONAL_STRINGS (ID) values (152);
INSERT INTO TBL_LOCALISED_STRINGS (ID, LABEL, LOCALE, INTERNATIONAL_STRING_FK) values (187, "Multi-domain statistics and indicators", "en", 152);
INSERT INTO TBL_LOCALISED_STRINGS (ID, LABEL, LOCALE, INTERNATIONAL_STRING_FK) values (188, "Estadísticas e indicadores multi-dominio", "es", 152);
INSERT INTO TBL_CATEGORIES (ID, CODE, VALUE_FK, PARENT_FK) values (32, "3.3", 152, 29);

INSERT INTO TBL_INTERNATIONAL_STRINGS (ID) values (153);
INSERT INTO TBL_LOCALISED_STRINGS (ID, LABEL, LOCALE, INTERNATIONAL_STRING_FK) values (189, "Living conditions, poverty and cross-cutting social issues", "en", 153);
INSERT INTO TBL_LOCALISED_STRINGS (ID, LABEL, LOCALE, INTERNATIONAL_STRING_FK) values (190, "Condiciones de vida, pobreza y cuestiones sociales transversales", "es", 153);
INSERT INTO TBL_CATEGORIES (ID, CODE, VALUE_FK, PARENT_FK) values (33, "3.3.1", 153, 32);

INSERT INTO TBL_INTERNATIONAL_STRINGS (ID) values (154);
INSERT INTO TBL_LOCALISED_STRINGS (ID, LABEL, LOCALE, INTERNATIONAL_STRING_FK) values (191, "Gender and special population groups", "en", 154);
INSERT INTO TBL_LOCALISED_STRINGS (ID, LABEL, LOCALE, INTERNATIONAL_STRING_FK) values (192, "Género y grupos especiales de población", "es", 154);
INSERT INTO TBL_CATEGORIES (ID, CODE, VALUE_FK, PARENT_FK) values (34, "3.3.2", 154, 32);

INSERT INTO TBL_INTERNATIONAL_STRINGS (ID) values (155);
INSERT INTO TBL_LOCALISED_STRINGS (ID, LABEL, LOCALE, INTERNATIONAL_STRING_FK) values (193, "Information society", "en", 155);
INSERT INTO TBL_LOCALISED_STRINGS (ID, LABEL, LOCALE, INTERNATIONAL_STRING_FK) values (194, "Sociedad de la información", "es", 155);
INSERT INTO TBL_CATEGORIES (ID, CODE, VALUE_FK, PARENT_FK) values (35, "3.3.3", 155, 32);

INSERT INTO TBL_INTERNATIONAL_STRINGS (ID) values (156);
INSERT INTO TBL_LOCALISED_STRINGS (ID, LABEL, LOCALE, INTERNATIONAL_STRING_FK) values (195, "Globalisation", "en", 156);
INSERT INTO TBL_LOCALISED_STRINGS (ID, LABEL, LOCALE, INTERNATIONAL_STRING_FK) values (196, "Globalización", "es", 156);
INSERT INTO TBL_CATEGORIES (ID, CODE, VALUE_FK, PARENT_FK) values (36, "3.3.4", 156, 32);

INSERT INTO TBL_INTERNATIONAL_STRINGS (ID) values (157);
INSERT INTO TBL_LOCALISED_STRINGS (ID, LABEL, LOCALE, INTERNATIONAL_STRING_FK) values (197, "Indicators related to the Millennium Development Goals", "en", 157);
INSERT INTO TBL_LOCALISED_STRINGS (ID, LABEL, LOCALE, INTERNATIONAL_STRING_FK) values (198, "Indicadores relacionados con los Objetivos de Desarrollo del Milenio", "es", 157);
INSERT INTO TBL_CATEGORIES (ID, CODE, VALUE_FK, PARENT_FK) values (37, "3.3.5", 157, 32);

INSERT INTO TBL_INTERNATIONAL_STRINGS (ID) values (158);
INSERT INTO TBL_LOCALISED_STRINGS (ID, LABEL, LOCALE, INTERNATIONAL_STRING_FK) values (199, "Sustainable development", "en", 158);
INSERT INTO TBL_LOCALISED_STRINGS (ID, LABEL, LOCALE, INTERNATIONAL_STRING_FK) values (200, "Desarrollo sostenible", "es", 158);
INSERT INTO TBL_CATEGORIES (ID, CODE, VALUE_FK, PARENT_FK) values (38, "3.3.6", 158, 32);

INSERT INTO TBL_INTERNATIONAL_STRINGS (ID) values (159);
INSERT INTO TBL_LOCALISED_STRINGS (ID, LABEL, LOCALE, INTERNATIONAL_STRING_FK) values (201, "Entrepreneurship", "en", 159);
INSERT INTO TBL_LOCALISED_STRINGS (ID, LABEL, LOCALE, INTERNATIONAL_STRING_FK) values (202, "Espíritu empresarial", "es", 159);
INSERT INTO TBL_CATEGORIES (ID, CODE, VALUE_FK, PARENT_FK) values (39, "3.3.7", 159, 32);

INSERT INTO TBL_INTERNATIONAL_STRINGS (ID) values (160);
INSERT INTO TBL_LOCALISED_STRINGS (ID, LABEL, LOCALE, INTERNATIONAL_STRING_FK) values (203, "Yearbooks and similar compendia", "en", 160);
INSERT INTO TBL_LOCALISED_STRINGS (ID, LABEL, LOCALE, INTERNATIONAL_STRING_FK) values (204, "Anuarios y recopilaciones similares", "es", 160);
INSERT INTO TBL_CATEGORIES (ID, CODE, VALUE_FK, PARENT_FK) values (40, "3.4", 160, 29);

